[{"model": "client.sex", "pk": 1, "fields": {"sex_word": "\u041c"}}, {"model": "client.sex", "pk": 2, "fields": {"sex_word": "\u0416"}}, {"model": "client.citizenship", "pk": 1, "fields": {"country_word": "\u0420\u0435\u0441\u043f\u0443\u0431\u043b\u0438\u043a\u0430 \u0411\u0435\u043b\u0430\u0440\u0443\u0441\u044c"}}, {"model": "client.citizenship", "pk": 2, "fields": {"country_word": "\u0420\u0435\u0441\u043f\u0443\u0431\u043b\u0438\u043a\u0430 \u0410\u0440\u043c\u0435\u043d\u0438\u044f"}}, {"model": "client.citizenship", "pk": 3, "fields": {"country_word": "\u0410\u0437\u0435\u0440\u0431\u0430\u0439\u0434\u0436\u0430\u043d\u0441\u043a\u0430\u044f \u0420\u0435\u0441\u043f\u0443\u0431\u043b\u0438\u043a\u0430"}}, {"model": "client.citizenship", "pk": 5, "fields": {"country_word": "\u0420\u0435\u0441\u043f\u0443\u0431\u043b\u0438\u043a\u0430 \u041a\u0430\u0437\u0430\u0445\u0441\u0442\u0430\u043d"}}, {"model": "client.citizenship", "pk": 6, "fields": {"country_word": "\u041a\u044b\u0440\u0433\u044b\u0437\u0441\u043a\u0430\u044f \u0420\u0435\u0441\u043f\u0443\u0431\u043b\u0438\u043a\u0430"}}, {"model": "client.citizenship", "pk": 7, "fields": {"country_word": "\u0420\u0435\u0441\u043f\u0443\u0431\u043b\u0438\u043a\u0430 \u041c\u043e\u043b\u0434\u043e\u0432\u0430"}}, {"model": "client.citizenship", "pk": 8, "fields": {"country_word": "\u0420\u043e\u0441\u0441\u0438\u0439\u0441\u043a\u0430\u044f \u0424\u0435\u0434\u0435\u0440\u0430\u0446\u0438\u044f"}}, {"model": "client.citizenship", "pk": 9, "fields": {"country_word": "\u0420\u0435\u0441\u043f\u0443\u0431\u043b\u0438\u043a\u0430 \u0422\u0430\u0434\u0436\u0438\u043a\u0438\u0441\u0442\u0430\u043d"}}, {"model": "client.citizenship", "pk": 10, "fields": {"country_word": "\u0420\u0435\u0441\u043f\u0443\u0431\u043b\u0438\u043a\u0430 \u0423\u0437\u0431\u0435\u043a\u0438\u0441\u0442\u0430\u043d"}}, {"model": "client.familystate", "pk": 2, "fields": {"state_word": "\u0445\u043e\u043b\u043e\u0441\u0442"}}, {"model": "client.familystate", "pk": 3, "fields": {"state_word": "\u0436\u0435\u043d\u0430\u0442"}}, {"model": "client.familystate", "pk": 4, "fields": {"state_word": "\u043d\u0435 \u0437\u0430\u043c\u0443\u0436\u0435\u043c"}}, {"model": "client.familystate", "pk": 5, "fields": {"state_word": "\u0437\u0430\u043c\u0443\u0436\u0435\u043c"}}, {"model": "client.children", "pk": 1, "fields": {"children_word": "\u0435\u0441\u0442\u044c"}}, {"model": "client.children", "pk": 2, "fields": {"children_word": "\u043d\u0435\u0442"}}, {"model": "client.city", "pk": 2, "fields": {"city_word": "\u041c\u0438\u043d\u0441\u043a"}}, {"model": "client.city", "pk": 3, "fields": {"city_word": "\u041c\u043e\u0441\u043a\u0432\u0430"}}, {"model": "client.city", "pk": 4, "fields": {"city_word": "\u041a\u0438\u0435\u0432"}}, {"model": "client.certificate", "pk": 7, "fields": {"education": null, "img": "cat_1_Uol5xOh.jpg", "link": "http://192.168.0.51:8000/rocket_science_01", "show_img": ""}}, {"model": "client.certificate", "pk": 8, "fields": {"education": null, "img": "cat_2_DdQIXmi.jpg", "link": "http://192.168.0.51:8000/rocket_science_02", "show_img": ""}}, {"model": "client.certificate", "pk": 9, "fields": {"education": null, "img": "cat_3_hNxJPNU.jpg", "link": "http://192.168.0.51:8000/rocket_science_11", "show_img": ""}}, {"model": "client.certificate", "pk": 10, "fields": {"education": null, "img": "python_7MNoSD6.gif", "link": "http://192.168.0.51:8000/rocket_science_12", "show_img": ""}}, {"model": "client.educationword", "pk": 4, "fields": {"education_word": "\u0411\u0435\u043b\u043e\u0440\u0443\u0441\u0441\u043a\u0430\u044f \u0433\u043e\u0441\u0443\u0434\u0430\u0440\u0441\u0442\u0432\u0435\u043d\u043d\u0430\u044f \u0430\u043a\u0430\u0434\u0435\u043c\u0438\u044f \u0438\u0441\u043a\u0443\u0441\u0441\u0442\u0432"}}, {"model": "client.educationword", "pk": 5, "fields": {"education_word": "\u0410\u043a\u0430\u0434\u0435\u043c\u0438\u044f \u041c\u0438\u043d\u0438\u0441\u0442\u0435\u0440\u0441\u0442\u0432\u0430 \u0432\u043d\u0443\u0442\u0440\u0435\u043d\u043d\u0438\u0445 \u0434\u0435\u043b \u0420\u0435\u0441\u043f\u0443\u0431\u043b\u0438\u043a\u0438 \u0411\u0435\u043b\u0430\u0440\u0443\u0441\u044c"}}, {"model": "client.educationword", "pk": 6, "fields": {"education_word": "\u0410\u043a\u0430\u0434\u0435\u043c\u0438\u044f \u0443\u043f\u0440\u0430\u0432\u043b\u0435\u043d\u0438\u044f \u043f\u0440\u0438 \u041f\u0440\u0435\u0437\u0438\u0434\u0435\u043d\u0442\u0435 \u0420\u0435\u0441\u043f\u0443\u0431\u043b\u0438\u043a\u0438 \u0411\u0435\u043b\u0430\u0440\u0443\u0441\u044c"}}, {"model": "client.educationword", "pk": 7, "fields": {"education_word": "\u0411\u0430\u0440\u0430\u043d\u043e\u0432\u0438\u0447\u0441\u043a\u0438\u0439 \u0433\u043e\u0441\u0443\u0434\u0430\u0440\u0441\u0442\u0432\u0435\u043d\u043d\u044b\u0439 \u0443\u043d\u0438\u0432\u0435\u0440\u0441\u0438\u0442\u0435\u0442"}}, {"model": "client.educationword", "pk": 8, "fields": {"education_word": "\u0411\u0435\u043b\u043e\u0440\u0443\u0441\u0441\u043a\u0430\u044f \u0433\u043e\u0441\u0443\u0434\u0430\u0440\u0441\u0442\u0432\u0435\u043d\u043d\u0430\u044f \u0441\u0435\u043b\u044c\u0441\u043a\u043e\u0445\u043e\u0437\u044f\u0439\u0441\u0442\u0432\u0435\u043d\u043d\u0430\u044f \u0430\u043a\u0430\u0434\u0435\u043c\u0438\u044f"}}, {"model": "client.educationword", "pk": 9, "fields": {"education_word": "\u0411\u0435\u043b\u043e\u0440\u0443\u0441\u0441\u043a\u0438\u0439 \u0433\u043e\u0441\u0443\u0434\u0430\u0440\u0441\u0442\u0432\u0435\u043d\u043d\u044b\u0439 \u0430\u0433\u0440\u0430\u0440\u043d\u044b\u0439 \u0442\u0435\u0445\u043d\u0438\u0447\u0435\u0441\u043a\u0438\u0439 \u0443\u043d\u0438\u0432\u0435\u0440\u0441\u0438\u0442\u0435\u0442"}}, {"model": "client.educationword", "pk": 10, "fields": {"education_word": "\u0411\u0435\u043b\u043e\u0440\u0443\u0441\u0441\u043a\u0430\u044f \u0433\u043e\u0441\u0443\u0434\u0430\u0440\u0441\u0442\u0432\u0435\u043d\u043d\u0430\u044f \u0430\u043a\u0430\u0434\u0435\u043c\u0438\u044f \u0430\u0432\u0438\u0430\u0446\u0438\u0438"}}, {"model": "client.educationword", "pk": 11, "fields": {"education_word": "\u0411\u0435\u043b\u043e\u0440\u0443\u0441\u0441\u043a\u0430\u044f \u0433\u043e\u0441\u0443\u0434\u0430\u0440\u0441\u0442\u0432\u0435\u043d\u043d\u0430\u044f \u0430\u043a\u0430\u0434\u0435\u043c\u0438\u044f \u0438\u0441\u043a\u0443\u0441\u0441\u0442\u0432"}}, {"model": "client.educationword", "pk": 12, "fields": {"education_word": "\u0411\u0435\u043b\u043e\u0440\u0443\u0441\u0441\u043a\u0430\u044f \u0433\u043e\u0441\u0443\u0434\u0430\u0440\u0441\u0442\u0432\u0435\u043d\u043d\u0430\u044f \u0430\u043a\u0430\u0434\u0435\u043c\u0438\u044f \u043c\u0443\u0437\u044b\u043a\u0438"}}, {"model": "client.educationword", "pk": 13, "fields": {"education_word": "\u0411\u0435\u043b\u043e\u0440\u0443\u0441\u0441\u043a\u0430\u044f \u0433\u043e\u0441\u0443\u0434\u0430\u0440\u0441\u0442\u0432\u0435\u043d\u043d\u0430\u044f \u0430\u043a\u0430\u0434\u0435\u043c\u0438\u044f \u0441\u0432\u044f\u0437\u0438"}}, {"model": "client.educationword", "pk": 14, "fields": {"education_word": "\u0411\u0435\u043b\u043e\u0440\u0443\u0441\u0441\u043a\u0438\u0439 \u0433\u043e\u0441\u0443\u0434\u0430\u0440\u0441\u0442\u0432\u0435\u043d\u043d\u044b\u0439 \u043c\u0435\u0434\u0438\u0446\u0438\u043d\u0441\u043a\u0438\u0439 \u0443\u043d\u0438\u0432\u0435\u0440\u0441\u0438\u0442\u0435\u0442"}}, {"model": "client.educationword", "pk": 15, "fields": {"education_word": "\u0411\u0435\u043b\u043e\u0440\u0443\u0441\u0441\u043a\u0438\u0439 \u0433\u043e\u0441\u0443\u0434\u0430\u0440\u0441\u0442\u0432\u0435\u043d\u043d\u044b\u0439 \u043f\u0435\u0434\u0430\u0433\u043e\u0433\u0438\u0447\u0435\u0441\u043a\u0438\u0439 \u0443\u043d\u0438\u0432\u0435\u0440\u0441\u0438\u0442\u0435\u0442 \u0438\u043c\u0435\u043d\u0438 \u041c\u0430\u043a\u0441\u0438\u043c\u0430 \u0422\u0430\u043d\u043a\u0430"}}, {"model": "client.educationword", "pk": 16, "fields": {"education_word": "\u0411\u0435\u043b\u043e\u0440\u0443\u0441\u0441\u043a\u0438\u0439 \u0433\u043e\u0441\u0443\u0434\u0430\u0440\u0441\u0442\u0432\u0435\u043d\u043d\u044b\u0439 \u0442\u0435\u0445\u043d\u043e\u043b\u043e\u0433\u0438\u0447\u0435\u0441\u043a\u0438\u0439 \u0443\u043d\u0438\u0432\u0435\u0440\u0441\u0438\u0442\u0435\u0442"}}, {"model": "client.educationword", "pk": 17, "fields": {"education_word": "\u0411\u0435\u043b\u043e\u0440\u0443\u0441\u0441\u043a\u0438\u0439 \u0433\u043e\u0441\u0443\u0434\u0430\u0440\u0441\u0442\u0432\u0435\u043d\u043d\u044b\u0439 \u0443\u043d\u0438\u0432\u0435\u0440\u0441\u0438\u0442\u0435\u0442"}}, {"model": "client.educationword", "pk": 18, "fields": {"education_word": "\u0411\u0435\u043b\u043e\u0440\u0443\u0441\u0441\u043a\u0438\u0439 \u0433\u043e\u0441\u0443\u0434\u0430\u0440\u0441\u0442\u0432\u0435\u043d\u043d\u044b\u0439 \u0443\u043d\u0438\u0432\u0435\u0440\u0441\u0438\u0442\u0435\u0442 \u0438\u043d\u0444\u043e\u0440\u043c\u0430\u0442\u0438\u043a\u0438 \u0438 \u0440\u0430\u0434\u0438\u043e\u044d\u043b\u0435\u043a\u0442\u0440\u043e\u043d\u0438\u043a\u0438"}}, {"model": "client.educationword", "pk": 19, "fields": {"education_word": "\u0411\u0435\u043b\u043e\u0440\u0443\u0441\u0441\u043a\u0438\u0439 \u0433\u043e\u0441\u0443\u0434\u0430\u0440\u0441\u0442\u0432\u0435\u043d\u043d\u044b\u0439 \u0443\u043d\u0438\u0432\u0435\u0440\u0441\u0438\u0442\u0435\u0442 \u043a\u0443\u043b\u044c\u0442\u0443\u0440\u044b \u0438 \u0438\u0441\u043a\u0443\u0441\u0441\u0442\u0432"}}, {"model": "client.educationword", "pk": 20, "fields": {"education_word": "\u0411\u0435\u043b\u043e\u0440\u0443\u0441\u0441\u043a\u0438\u0439 \u0433\u043e\u0441\u0443\u0434\u0430\u0440\u0441\u0442\u0432\u0435\u043d\u043d\u044b\u0439 \u0443\u043d\u0438\u0432\u0435\u0440\u0441\u0438\u0442\u0435\u0442 \u0442\u0440\u0430\u043d\u0441\u043f\u043e\u0440\u0442\u0430"}}, {"model": "client.educationword", "pk": 21, "fields": {"education_word": "\u0411\u0435\u043b\u043e\u0440\u0443\u0441\u0441\u043a\u0438\u0439 \u0433\u043e\u0441\u0443\u0434\u0430\u0440\u0441\u0442\u0432\u0435\u043d\u043d\u044b\u0439 \u0443\u043d\u0438\u0432\u0435\u0440\u0441\u0438\u0442\u0435\u0442 \u0444\u0438\u0437\u0438\u0447\u0435\u0441\u043a\u043e\u0439 \u043a\u0443\u043b\u044c\u0442\u0443\u0440\u044b"}}, {"model": "client.educationword", "pk": 22, "fields": {"education_word": "\u0411\u0435\u043b\u043e\u0440\u0443\u0441\u0441\u043a\u0438\u0439 \u0433\u043e\u0441\u0443\u0434\u0430\u0440\u0441\u0442\u0432\u0435\u043d\u043d\u044b\u0439 \u044d\u043a\u043e\u043d\u043e\u043c\u0438\u0447\u0435\u0441\u043a\u0438\u0439 \u0443\u043d\u0438\u0432\u0435\u0440\u0441\u0438\u0442\u0435\u0442"}}, {"model": "client.educationword", "pk": 23, "fields": {"education_word": "\u0411\u0435\u043b\u043e\u0440\u0443\u0441\u0441\u043a\u0438\u0439 \u043d\u0430\u0446\u0438\u043e\u043d\u0430\u043b\u044c\u043d\u044b\u0439 \u0442\u0435\u0445\u043d\u0438\u0447\u0435\u0441\u043a\u0438\u0439 \u0443\u043d\u0438\u0432\u0435\u0440\u0441\u0438\u0442\u0435\u0442"}}, {"model": "client.educationword", "pk": 24, "fields": {"education_word": "\u0411\u0435\u043b\u043e\u0440\u0443\u0441\u0441\u043a\u043e-\u0420\u043e\u0441\u0441\u0438\u0439\u0441\u043a\u0438\u0439 \u0443\u043d\u0438\u0432\u0435\u0440\u0441\u0438\u0442\u0435\u0442"}}, {"model": "client.educationword", "pk": 25, "fields": {"education_word": "\u0411\u0440\u0435\u0441\u0442\u0441\u043a\u0438\u0439 \u0433\u043e\u0441\u0443\u0434\u0430\u0440\u0441\u0442\u0432\u0435\u043d\u043d\u044b\u0439 \u0442\u0435\u0445\u043d\u0438\u0447\u0435\u0441\u043a\u0438\u0439 \u0443\u043d\u0438\u0432\u0435\u0440\u0441\u0438\u0442\u0435\u0442"}}, {"model": "client.educationword", "pk": 26, "fields": {"education_word": "\u0411\u0440\u0435\u0441\u0442\u0441\u043a\u0438\u0439 \u0433\u043e\u0441\u0443\u0434\u0430\u0440\u0441\u0442\u0432\u0435\u043d\u043d\u044b\u0439 \u0443\u043d\u0438\u0432\u0435\u0440\u0441\u0438\u0442\u0435\u0442 \u0438\u043c\u0435\u043d\u0438 \u0410. \u0421. \u041f\u0443\u0448\u043a\u0438\u043d\u0430"}}, {"model": "client.education", "pk": 17, "fields": {"client_edu": 2, "institution": "\u0411\u0435\u043b\u043e\u0440\u0443\u0441\u0441\u043a\u0430\u044f \u0433\u043e\u0441\u0443\u0434\u0430\u0440\u0441\u0442\u0432\u0435\u043d\u043d\u0430\u044f \u0430\u043a\u0430\u0434\u0435\u043c\u0438\u044f \u0438\u0441\u043a\u0443\u0441\u0441\u0442\u0432", "subject_area": "rocket_science_1", "specialization": "\u044b\u0430\u044b\u0430\u044b\u0430\u044b\u0430\u044b\u0430\u044b\u0430", "qualification": "\u0432\u0430\u044b\u0430\u044b\u0430\u044b\u0430\u0432", "date_start": "2019-10-06", "date_end": "2019-10-07"}}, {"model": "client.education", "pk": 18, "fields": {"client_edu": 2, "institution": "\u0411\u0435\u043b\u043e\u0440\u0443\u0441\u0441\u043a\u0430\u044f \u0433\u043e\u0441\u0443\u0434\u0430\u0440\u0441\u0442\u0432\u0435\u043d\u043d\u0430\u044f \u0430\u043a\u0430\u0434\u0435\u043c\u0438\u044f \u0438\u0441\u043a\u0443\u0441\u0441\u0442\u0432", "subject_area": "rocket_science_2", "specialization": "rocket_science_2", "qualification": "rocket_science_2", "date_start": "2019-10-27", "date_end": "2019-10-28"}}, {"model": "client.skillsword", "pk": 1, "fields": {"skills_word": "Python"}}, {"model": "client.skillsword", "pk": 2, "fields": {"skills_word": "Django Framework"}}, {"model": "client.skillsword", "pk": 3, "fields": {"skills_word": "JQuery"}}, {"model": "client.skillsword", "pk": 4, "fields": {"skills_word": "JavaScript"}}, {"model": "client.skillsword", "pk": 5, "fields": {"skills_word": "PostgreSQL"}}, {"model": "client.skillsword", "pk": 6, "fields": {"skills_word": "HTML5"}}, {"model": "client.skillsword", "pk": 7, "fields": {"skills_word": "CSS"}}, {"model": "client.skillsword", "pk": 8, "fields": {"skills_word": "SQL"}}, {"model": "client.skillsword", "pk": 9, "fields": {"skills_word": "HTML"}}, {"model": "client.skillsword", "pk": 10, "fields": {"skills_word": "Git"}}, {"model": "client.skillsword", "pk": 11, "fields": {"skills_word": "Bootstrap"}}, {"model": "client.skillsword", "pk": 12, "fields": {"skills_word": "Ajax"}}, {"model": "client.skillsword", "pk": 13, "fields": {"skills_word": "Linux"}}, {"model": "client.skillsword", "pk": 14, "fields": {"skills_word": "MySQL"}}, {"model": "client.skillsword", "pk": 15, "fields": {"skills_word": "MongoDB"}}, {"model": "client.skillsword", "pk": 16, "fields": {"skills_word": "Bash"}}, {"model": "client.skillsword", "pk": 17, "fields": {"skills_word": "C++"}}, {"model": "client.skillsword", "pk": 18, "fields": {"skills_word": "Java"}}, {"model": "client.skillsword", "pk": 19, "fields": {"skills_word": "PHP"}}, {"model": "client.skillsword", "pk": 20, "fields": {"skills_word": "XML"}}, {"model": "client.skills", "pk": 34, "fields": {"client_skills": 2, "skill": "Python"}}, {"model": "client.skills", "pk": 35, "fields": {"client_skills": 2, "skill": "Django Framework"}}, {"model": "client.skills", "pk": 36, "fields": {"client_skills": 2, "skill": "JQuery"}}, {"model": "client.skills", "pk": 37, "fields": {"client_skills": 2, "skill": "Java"}}, {"model": "client.skills", "pk": 38, "fields": {"client_skills": 2, "skill": "JQuery"}}, {"model": "client.skills", "pk": 47, "fields": {"client_skills": 2, "skill": "Django Framework"}}, {"model": "client.sphere", "pk": 1, "fields": {"sphere_word": "\u0418\u043d\u0444\u043e\u0440\u043c\u0430\u0446\u0438\u043e\u043d\u043d\u044b\u0435 \u0442\u0435\u0445\u043d\u043e\u043b\u043e\u0433\u0438\u0438, \u0438\u043d\u0442\u0435\u0440\u043d\u0435\u0442, \u0442\u0435\u043b\u0435\u043a\u043e\u043c"}}, {"model": "client.sphere", "pk": 2, "fields": {"sphere_word": "\u0422\u0443\u0440\u0438\u0437\u043c, \u0433\u043e\u0441\u0442\u0438\u043d\u0438\u0446\u044b, \u0440\u0435\u0441\u0442\u043e\u0440\u0430\u043d\u044b"}}, {"model": "client.sphere", "pk": 3, "fields": {"sphere_word": "\u0411\u0443\u0445\u0433\u0430\u043b\u0442\u0435\u0440\u0438\u044f, \u0443\u043f\u0440\u0430\u0432\u043b\u0435\u043d\u0447\u0435\u0441\u043a\u0438\u0439 \u0443\u0447\u0435\u0442, \u0444\u0438\u043d\u0430\u043d\u0441\u044b \u043f\u0440\u0435\u0434\u043f\u0440\u0438\u044f\u0442\u0438\u044f"}}, {"model": "client.sphere", "pk": 4, "fields": {"sphere_word": "\u041c\u0430\u0440\u043a\u0435\u0442\u0438\u043d\u0433, \u0440\u0435\u043a\u043b\u0430\u043c\u0430, PR"}}, {"model": "client.sphere", "pk": 5, "fields": {"sphere_word": "\u0410\u0434\u043c\u0438\u043d\u0438\u0441\u0442\u0440\u0430\u0442\u0438\u0432\u043d\u044b\u0439 \u043f\u0435\u0440\u0441\u043e\u043d\u0430\u043b"}}, {"model": "client.sphere", "pk": 6, "fields": {"sphere_word": "\u0411\u0430\u043d\u043a\u0438, \u0438\u043d\u0432\u0435\u0441\u0442\u0438\u0446\u0438\u0438, \u043b\u0438\u0437\u0438\u043d\u0433"}}, {"model": "client.sphere", "pk": 7, "fields": {"sphere_word": "\u0423\u043f\u0440\u0430\u0432\u043b\u0435\u043d\u0438\u0435 \u043f\u0435\u0440\u0441\u043e\u043d\u0430\u043b\u043e\u043c, \u0442\u0440\u0435\u043d\u0438\u043d\u0433\u0438"}}, {"model": "client.sphere", "pk": 8, "fields": {"sphere_word": "\u0410\u0432\u0442\u043e\u043c\u043e\u0431\u0438\u043b\u044c\u043d\u044b\u0439 \u0431\u0438\u0437\u043d\u0435\u0441"}}, {"model": "client.sphere", "pk": 9, "fields": {"sphere_word": "\u041d\u0430\u0447\u0430\u043b\u043e \u043a\u0430\u0440\u044c\u0435\u0440\u044b, \u0441\u0442\u0443\u0434\u0435\u043d\u0442\u044b"}}, {"model": "client.experience", "pk": 34, "fields": {"client_exp": 2, "name": "\u041e\u041e\u041e \"\u0440\u043e\u0433\u0430 \u0438 \u043a\u043e\u043f\u044b\u0442\u0430\"", "position": "\u043a\u0440\u0443\u0442\u043e\u0419", "start_date": "2019-10-06", "end_date": "2019-10-07", "duties": "\u0441\u0442\u0443\u0447\u0430\u0442\u044c \u0432 \u0433\u0440\u0443\u0434\u044c, \u0447\u0442\u043e \u0432\u0441\u0451 \u043a\u0440\u0443\u0442\u043e!", "sphere": [2, 3, 4]}}, {"model": "client.experience", "pk": 35, "fields": {"client_exp": 2, "name": "\u041e\u041e\u041e \"\u0443 \u043c\u0435\u043d\u044f \u043b\u0430\u043f\u043a\u0438\"", "position": "\u0434\u0432\u043e\u0440\u043d\u0438\u043a", "start_date": "2019-10-28", "end_date": "2019-10-30", "duties": "\u0441\u043f\u0430\u0442\u044c", "sphere": [1, 4]}}, {"model": "client.experience", "pk": 36, "fields": {"client_exp": 2, "name": null, "position": null, "start_date": null, "end_date": null, "duties": null, "sphere": [2, 3, 4]}}, {"model": "client.experience", "pk": 37, "fields": {"client_exp": 2, "name": null, "position": null, "start_date": "2019-11-06", "end_date": null, "duties": null, "sphere": [2, 3, 4]}}, {"model": "client.cvword", "pk": 1, "fields": {"position_word": "Junior Python Engineer"}}, {"model": "client.cvword", "pk": 2, "fields": {"position_word": "Python Developer"}}, {"model": "client.cvword", "pk": 3, "fields": {"position_word": "Frontend Developer (Junior/Middle)"}}, {"model": "client.cvword", "pk": 4, "fields": {"position_word": "Junior C++ Software Engineer/Scientist"}}, {"model": "client.cvword", "pk": 5, "fields": {"position_word": "Python/Django developer (junior/mid)"}}, {"model": "client.cvword", "pk": 6, "fields": {"position_word": "Junior Java Developer"}}, {"model": "client.employment", "pk": 1, "fields": {"employment": "\u041f\u043e\u043b\u043d\u0430\u044f \u0437\u0430\u043d\u044f\u0442\u043e\u0441\u0442\u044c"}}, {"model": "client.employment", "pk": 2, "fields": {"employment": "\u0427\u0430\u0441\u0442\u0438\u0447\u043d\u0430\u044f \u0437\u0430\u043d\u044f\u0442\u043e\u0441\u0442\u044c"}}, {"model": "client.employment", "pk": 3, "fields": {"employment": "\u041f\u0440\u043e\u0435\u043a\u0442\u043d\u0430\u044f \u0440\u0430\u0431\u043e\u0442\u0430"}}, {"model": "client.employment", "pk": 4, "fields": {"employment": "\u0412\u043e\u043b\u043e\u043d\u0442\u0435\u0440\u0441\u0442\u0432\u043e"}}, {"model": "client.employment", "pk": 5, "fields": {"employment": "\u0421\u0442\u0430\u0436\u0438\u0440\u043e\u0432\u043a\u0430"}}, {"model": "client.timejob", "pk": 1, "fields": {"time_job_word": "\u041f\u043e\u043b\u043d\u044b\u0439 \u0434\u0435\u043d\u044c"}}, {"model": "client.timejob", "pk": 2, "fields": {"time_job_word": "\u0421\u043c\u0435\u043d\u043d\u044b\u0439 \u0433\u0440\u0430\u0444\u0438\u043a"}}, {"model": "client.timejob", "pk": 3, "fields": {"time_job_word": "\u0413\u0438\u0431\u043a\u0438\u0439 \u0433\u0440\u0430\u0444\u0438\u043a"}}, {"model": "client.timejob", "pk": 4, "fields": {"time_job_word": "\u0423\u0434\u0430\u043b\u0435\u043d\u043d\u0430\u044f \u0440\u0430\u0431\u043e\u0442\u0430"}}, {"model": "client.timejob", "pk": 5, "fields": {"time_job_word": "\u0412\u0430\u0445\u0442\u043e\u0432\u044b\u0439 \u043c\u0435\u0442\u043e\u0434"}}, {"model": "client.typesalary", "pk": 1, "fields": {"type_word": "\u0431\u0435\u043b.\u0440\u0443\u0431."}}, {"model": "client.typesalary", "pk": 2, "fields": {"type_word": "\u0440\u043e\u0441.\u0440\u0443\u0431."}}, {"model": "client.typesalary", "pk": 3, "fields": {"type_word": "EUR"}}, {"model": "client.typesalary", "pk": 4, "fields": {"type_word": "USD"}}, {"model": "client.cv", "pk": 46, "fields": {"client_cv": 2, "position": "rocket_science_1", "direction": 1, "employment": 1, "time_job": 1, "salary": "123", "type_salary": 1, "vacancies_in_waiting": [], "vacancies_accept": [], "vacancies_reject": [], "notification": []}}, {"model": "client.cv", "pk": 47, "fields": {"client_cv": 2, "position": "Python Developer", "direction": 16, "employment": 2, "time_job": 2, "salary": "456", "type_salary": 3, "vacancies_in_waiting": [], "vacancies_accept": [], "vacancies_reject": [], "notification": []}}, {"model": "client.cv", "pk": 48, "fields": {"client_cv": 2, "position": "Junior C++ Software Engineer/Scientist", "direction": 9, "employment": 4, "time_job": 4, "salary": "789", "type_salary": 2, "vacancies_in_waiting": [], "vacancies_accept": [], "vacancies_reject": [], "notification": []}}, {"model": "client.state", "pk": 2, "fields": {"state_word": "\u0412 \u043f\u043e\u0438\u0441\u043a\u0435"}}, {"model": "client.state", "pk": 3, "fields": {"state_word": "\u041d\u0430 \u0441\u043e\u0431\u0435\u0441\u0435\u0434\u043e\u0432\u0430\u043d\u0438\u0438"}}, {"model": "client.state", "pk": 4, "fields": {"state_word": "\u0422\u0440\u0443\u0434\u043e\u0443\u0441\u0442\u0440\u043e\u0435\u043d"}}, {"model": "client.state", "pk": 5, "fields": {"state_word": "\u041d\u0435 \u0438\u0449\u0435\u0442 \u0440\u0430\u0431\u043e\u0442\u0443"}}, {"model": "client.state", "pk": 6, "fields": {"state_word": "\u041d\u0435 \u0441\u043e\u0442\u0440\u0443\u0434\u043d\u0438\u0447\u0430\u0435\u0442"}}, {"model": "client.state", "pk": 7, "fields": {"state_word": "\u0417\u0430\u0431\u043b\u043e\u043a\u0438\u0440\u043e\u0432\u0430\u043d"}}, {"model": "client.telephone", "pk": 14, "fields": {"client_phone": 2, "telephone_number": "+375292110980"}}, {"model": "client.direction", "pk": 1, "fields": {"direction_word": "\u0411\u0438\u0437\u043d\u0435\u0441-\u0430\u043d\u0430\u043b\u0438\u0437"}}, {"model": "client.direction", "pk": 2, "fields": {"direction_word": "\u0423\u043f\u0440\u0430\u0432\u043b\u0435\u043d\u0438\u0435 \u043f\u0440\u043e\u0435\u043a\u0442\u0430\u043c\u0438"}}, {"model": "client.direction", "pk": 3, "fields": {"direction_word": "\u0411\u0438\u0437\u043d\u0435\u0441-\u0430\u043d\u0430\u043b\u0438\u0437 + \u0443\u043f\u0440\u0430\u0432\u043b\u0435\u043d\u0438\u0435 \u043f\u0440\u043e\u0435\u043a\u0442\u0430\u043c\u0438"}}, {"model": "client.direction", "pk": 4, "fields": {"direction_word": "\u0423\u043f\u0440\u0430\u0432\u043b\u0435\u043d\u0438\u0435 \u043f\u0440\u043e\u0434\u0443\u043a\u0442\u0430\u043c\u0438"}}, {"model": "client.direction", "pk": 5, "fields": {"direction_word": "IT-HR"}}, {"model": "client.direction", "pk": 6, "fields": {"direction_word": "IT-\u042e\u0440\u0438\u0441\u0442"}}, {"model": "client.direction", "pk": 7, "fields": {"direction_word": "IT-\u0411\u0443\u0445\u0433\u0430\u043b\u0442\u0435\u0440"}}, {"model": "client.direction", "pk": 8, "fields": {"direction_word": "\u0422\u0435\u0441\u0442\u0438\u0440\u043e\u0432\u0430\u043d\u0438\u0435"}}, {"model": "client.direction", "pk": 9, "fields": {"direction_word": "UX/UI"}}, {"model": "client.direction", "pk": 10, "fields": {"direction_word": "Web"}}, {"model": "client.direction", "pk": 11, "fields": {"direction_word": "Java"}}, {"model": "client.direction", "pk": 12, "fields": {"direction_word": "Python"}}, {"model": "client.direction", "pk": 13, "fields": {"direction_word": ".NET"}}, {"model": "client.direction", "pk": 14, "fields": {"direction_word": "PHP"}}, {"model": "client.direction", "pk": 15, "fields": {"direction_word": "Ruby on Rails"}}, {"model": "client.direction", "pk": 16, "fields": {"direction_word": "Android"}}, {"model": "client.direction", "pk": 17, "fields": {"direction_word": "iOS"}}, {"model": "client.direction", "pk": 18, "fields": {"direction_word": "\u0418\u043d\u0442\u0435\u0440\u043d\u0435\u0442-\u043c\u0430\u0440\u043a\u0435\u0442\u0438\u043d\u0433"}}, {"model": "client.direction", "pk": 19, "fields": {"direction_word": "IT Sales"}}, {"model": "client.direction", "pk": 20, "fields": {"direction_word": "\u0418\u043d\u0444\u043e\u0440\u043c\u0430\u0446\u0438\u043e\u043d\u043d\u0430\u044f \u0431\u0435\u0437\u043e\u043f\u0430\u0441\u043d\u043e\u0441\u0442\u044c"}}, {"model": "recruit.recruitexperience", "pk": 4, "fields": {"recruit_exp": 1, "name": "rocket_science_0", "position": "rocket_science_0", "start_date": "2019-09-29", "end_date": "2019-09-30", "duties": "rocket_science_0", "sphere": [2, 4]}}, {"model": "recruit.recruitexperience", "pk": 5, "fields": {"recruit_exp": 1, "name": "rocket_science_1", "position": "rocket_science_1", "start_date": "2019-10-30", "end_date": "2019-11-08", "duties": "rocket_science_1", "sphere": [3, 7, 9]}}, {"model": "recruit.recruiteducation", "pk": 3, "fields": {"recruit_edu": 1, "institution": "rocket_science_0", "subject_area": "rocket_science_0", "specialization": "rocket_science_0", "qualification": "rocket_science_0", "date_start": "2019-09-29", "date_end": "2019-09-30"}}, {"model": "recruit.recruiteducation", "pk": 4, "fields": {"recruit_edu": 1, "institution": "rocket_science_1", "subject_area": "rocket_science_1", "specialization": "rocket_science_1", "qualification": "rocket_science_1", "date_start": "2019-09-29", "date_end": "2019-10-01"}}, {"model": "recruit.recruitskills", "pk": 16, "fields": {"recruit_skills": 1, "skill": "JavaScript"}}, {"model": "recruit.recruitskills", "pk": 17, "fields": {"recruit_skills": 1, "skill": "Ajax"}}, {"model": "recruit.recruitskills", "pk": 18, "fields": {"recruit_skills": 1, "skill": "JQuery"}}, {"model": "recruit.recruitskills", "pk": 19, "fields": {"recruit_skills": 1, "skill": "MongoDB"}}, {"model": "recruit.recruitskills", "pk": 20, "fields": {"recruit_skills": 1, "skill": "PostgreSQL"}}, {"model": "recruit.recruitskills", "pk": 21, "fields": {"recruit_skills": 1, "skill": "MySQL"}}, {"model": "recruit.recruitskills", "pk": 22, "fields": {"recruit_skills": 1, "skill": "PostgreSQL"}}, {"model": "recruit.recruitcertificate", "pk": 2, "fields": {"education": 3, "img": "", "link": "http://192.168.0.51:8000/rocket_science_1", "show_img": ""}}, {"model": "recruit.recruitcertificate", "pk": 3, "fields": {"education": 3, "img": "", "link": null, "show_img": ""}}, {"model": "recruit.recruittelephone", "pk": 3, "fields": {"recruit_phone": 1, "telephone_number": "+34"}}, {"model": "recruit.recruittelephone", "pk": 4, "fields": {"recruit_phone": 1, "telephone_number": "+56"}}, {"model": "contenttypes.contenttype", "pk": 1, "fields": {"app_label": "client", "model": "answer"}}, {"model": "contenttypes.contenttype", "pk": 2, "fields": {"app_label": "client", "model": "certificate"}}, {"model": "contenttypes.contenttype", "pk": 3, "fields": {"app_label": "client", "model": "chat"}}, {"model": "contenttypes.contenttype", "pk": 4, "fields": {"app_label": "client", "model": "children"}}, {"model": "contenttypes.contenttype", "pk": 5, "fields": {"app_label": "client", "model": "citizenship"}}, {"model": "contenttypes.contenttype", "pk": 6, "fields": {"app_label": "client", "model": "city"}}, {"model": "contenttypes.contenttype", "pk": 7, "fields": {"app_label": "client", "model": "client"}}, {"model": "contenttypes.contenttype", "pk": 8, "fields": {"app_label": "client", "model": "cvword"}}, {"model": "contenttypes.contenttype", "pk": 9, "fields": {"app_label": "client", "model": "educationword"}}, {"model": "contenttypes.contenttype", "pk": 10, "fields": {"app_label": "client", "model": "employment"}}, {"model": "contenttypes.contenttype", "pk": 11, "fields": {"app_label": "client", "model": "familystate"}}, {"model": "contenttypes.contenttype", "pk": 12, "fields": {"app_label": "client", "model": "help"}}, {"model": "contenttypes.contenttype", "pk": 13, "fields": {"app_label": "client", "model": "sex"}}, {"model": "contenttypes.contenttype", "pk": 14, "fields": {"app_label": "client", "model": "skillsword"}}, {"model": "contenttypes.contenttype", "pk": 15, "fields": {"app_label": "client", "model": "sphere"}}, {"model": "contenttypes.contenttype", "pk": 16, "fields": {"app_label": "client", "model": "state"}}, {"model": "contenttypes.contenttype", "pk": 17, "fields": {"app_label": "client", "model": "timejob"}}, {"model": "contenttypes.contenttype", "pk": 18, "fields": {"app_label": "client", "model": "typesalary"}}, {"model": "contenttypes.contenttype", "pk": 19, "fields": {"app_label": "client", "model": "vacancy"}}, {"model": "contenttypes.contenttype", "pk": 20, "fields": {"app_label": "client", "model": "telephone"}}, {"model": "contenttypes.contenttype", "pk": 21, "fields": {"app_label": "client", "model": "tasks"}}, {"model": "contenttypes.contenttype", "pk": 22, "fields": {"app_label": "client", "model": "subtasks"}}, {"model": "contenttypes.contenttype", "pk": 23, "fields": {"app_label": "client", "model": "skills"}}, {"model": "contenttypes.contenttype", "pk": 24, "fields": {"app_label": "client", "model": "settings"}}, {"model": "contenttypes.contenttype", "pk": 25, "fields": {"app_label": "client", "model": "opinion"}}, {"model": "contenttypes.contenttype", "pk": 26, "fields": {"app_label": "client", "model": "message"}}, {"model": "contenttypes.contenttype", "pk": 27, "fields": {"app_label": "client", "model": "jobinterviews"}}, {"model": "contenttypes.contenttype", "pk": 28, "fields": {"app_label": "client", "model": "filesforjobinterviews"}}, {"model": "contenttypes.contenttype", "pk": 29, "fields": {"app_label": "client", "model": "experience"}}, {"model": "contenttypes.contenttype", "pk": 30, "fields": {"app_label": "client", "model": "education"}}, {"model": "contenttypes.contenttype", "pk": 31, "fields": {"app_label": "client", "model": "cv"}}, {"model": "contenttypes.contenttype", "pk": 32, "fields": {"app_label": "recruit", "model": "recruiter"}}, {"model": "contenttypes.contenttype", "pk": 33, "fields": {"app_label": "recruit", "model": "recruittelephone"}}, {"model": "contenttypes.contenttype", "pk": 34, "fields": {"app_label": "recruit", "model": "recruitskills"}}, {"model": "contenttypes.contenttype", "pk": 35, "fields": {"app_label": "recruit", "model": "recruitexperience"}}, {"model": "contenttypes.contenttype", "pk": 36, "fields": {"app_label": "recruit", "model": "recruiteducation"}}, {"model": "contenttypes.contenttype", "pk": 37, "fields": {"app_label": "recruit", "model": "recruitcertificate"}}, {"model": "contenttypes.contenttype", "pk": 38, "fields": {"app_label": "admin", "model": "logentry"}}, {"model": "contenttypes.contenttype", "pk": 39, "fields": {"app_label": "auth", "model": "permission"}}, {"model": "contenttypes.contenttype", "pk": 40, "fields": {"app_label": "auth", "model": "group"}}, {"model": "contenttypes.contenttype", "pk": 41, "fields": {"app_label": "auth", "model": "user"}}, {"model": "contenttypes.contenttype", "pk": 42, "fields": {"app_label": "contenttypes", "model": "contenttype"}}, {"model": "contenttypes.contenttype", "pk": 43, "fields": {"app_label": "sessions", "model": "session"}}, {"model": "contenttypes.contenttype", "pk": 44, "fields": {"app_label": "client", "model": "direction"}}, {"model": "sessions.session", "pk": "5c86vu0rxqcomro95m5z1vel07j0ji2z", "fields": {"session_data": "YWJiMjQ3OTU0NzUxOTVkMWM4N2ViYWI3Y2E2NWMzMzRjZmVlMjExNTp7Il9hdXRoX3VzZXJfaWQiOiIxIiwiX2F1dGhfdXNlcl9iYWNrZW5kIjoiZGphbmdvLmNvbnRyaWIuYXV0aC5iYWNrZW5kcy5Nb2RlbEJhY2tlbmQiLCJfYXV0aF91c2VyX2hhc2giOiI4NGNkNGYzNDZjMWFjZTVmZDg2ZGUzMWE5ODRmMTRkY2YyMDU5NzM2In0=", "expire_date": "2019-11-12T12:29:51.948Z"}}, {"model": "sessions.session", "pk": "7268d4qfe56bstarou38rrfb7ksqfmdp", "fields": {"session_data": "YWJiMjQ3OTU0NzUxOTVkMWM4N2ViYWI3Y2E2NWMzMzRjZmVlMjExNTp7Il9hdXRoX3VzZXJfaWQiOiIxIiwiX2F1dGhfdXNlcl9iYWNrZW5kIjoiZGphbmdvLmNvbnRyaWIuYXV0aC5iYWNrZW5kcy5Nb2RlbEJhY2tlbmQiLCJfYXV0aF91c2VyX2hhc2giOiI4NGNkNGYzNDZjMWFjZTVmZDg2ZGUzMWE5ODRmMTRkY2YyMDU5NzM2In0=", "expire_date": "2019-11-17T20:19:50.569Z"}}, {"model": "sessions.session", "pk": "er9gbyxrtqnrjn2j69b960rtgdjs1qlj", "fields": {"session_data": "YWJiMjQ3OTU0NzUxOTVkMWM4N2ViYWI3Y2E2NWMzMzRjZmVlMjExNTp7Il9hdXRoX3VzZXJfaWQiOiIxIiwiX2F1dGhfdXNlcl9iYWNrZW5kIjoiZGphbmdvLmNvbnRyaWIuYXV0aC5iYWNrZW5kcy5Nb2RlbEJhY2tlbmQiLCJfYXV0aF91c2VyX2hhc2giOiI4NGNkNGYzNDZjMWFjZTVmZDg2ZGUzMWE5ODRmMTRkY2YyMDU5NzM2In0=", "expire_date": "2019-12-05T16:17:55.683Z"}}, {"model": "sessions.session", "pk": "r8nifnphnuhvlwhqwl7zrrt4b59gqg3d", "fields": {"session_data": "NmE3OWUwNmQ4YzYyODc0NjQ1OWY3ODQxMzc1M2JmNzM2MzQzNzhhNzp7Il9hdXRoX3VzZXJfaWQiOiIyIiwiX2F1dGhfdXNlcl9iYWNrZW5kIjoiZGphbmdvLmNvbnRyaWIuYXV0aC5iYWNrZW5kcy5Nb2RlbEJhY2tlbmQiLCJfYXV0aF91c2VyX2hhc2giOiI4ZWQ4ZTM1YTMzZjY0NjM4OTJmYTY1MDc5YWJhNGQ2MDMwY2JkZWJjIn0=", "expire_date": "2019-11-10T13:12:20.504Z"}}, {"model": "sessions.session", "pk": "tn6pxy9w2j5tnrss4u85hx7eoxnuap6m", "fields": {"session_data": "YWJiMjQ3OTU0NzUxOTVkMWM4N2ViYWI3Y2E2NWMzMzRjZmVlMjExNTp7Il9hdXRoX3VzZXJfaWQiOiIxIiwiX2F1dGhfdXNlcl9iYWNrZW5kIjoiZGphbmdvLmNvbnRyaWIuYXV0aC5iYWNrZW5kcy5Nb2RlbEJhY2tlbmQiLCJfYXV0aF91c2VyX2hhc2giOiI4NGNkNGYzNDZjMWFjZTVmZDg2ZGUzMWE5ODRmMTRkY2YyMDU5NzM2In0=", "expire_date": "2019-12-06T14:48:45.191Z"}}, {"model": "sessions.session", "pk": "wveo0fuzwrg9sfd3knn5gnzaie4azf7x", "fields": {"session_data": "YWJiMjQ3OTU0NzUxOTVkMWM4N2ViYWI3Y2E2NWMzMzRjZmVlMjExNTp7Il9hdXRoX3VzZXJfaWQiOiIxIiwiX2F1dGhfdXNlcl9iYWNrZW5kIjoiZGphbmdvLmNvbnRyaWIuYXV0aC5iYWNrZW5kcy5Nb2RlbEJhY2tlbmQiLCJfYXV0aF91c2VyX2hhc2giOiI4NGNkNGYzNDZjMWFjZTVmZDg2ZGUzMWE5ODRmMTRkY2YyMDU5NzM2In0=", "expire_date": "2019-12-02T10:46:31.926Z"}}, {"model": "auth.permission", "pk": 1, "fields": {"name": "Can add answer", "content_type": 1, "codename": "add_answer"}}, {"model": "auth.permission", "pk": 2, "fields": {"name": "Can change answer", "content_type": 1, "codename": "change_answer"}}, {"model": "auth.permission", "pk": 3, "fields": {"name": "Can delete answer", "content_type": 1, "codename": "delete_answer"}}, {"model": "auth.permission", "pk": 4, "fields": {"name": "Can view answer", "content_type": 1, "codename": "view_answer"}}, {"model": "auth.permission", "pk": 5, "fields": {"name": "Can add certificate", "content_type": 2, "codename": "add_certificate"}}, {"model": "auth.permission", "pk": 6, "fields": {"name": "Can change certificate", "content_type": 2, "codename": "change_certificate"}}, {"model": "auth.permission", "pk": 7, "fields": {"name": "Can delete certificate", "content_type": 2, "codename": "delete_certificate"}}, {"model": "auth.permission", "pk": 8, "fields": {"name": "Can view certificate", "content_type": 2, "codename": "view_certificate"}}, {"model": "auth.permission", "pk": 9, "fields": {"name": "Can add \u0427\u0430\u0442", "content_type": 3, "codename": "add_chat"}}, {"model": "auth.permission", "pk": 10, "fields": {"name": "Can change \u0427\u0430\u0442", "content_type": 3, "codename": "change_chat"}}, {"model": "auth.permission", "pk": 11, "fields": {"name": "Can delete \u0427\u0430\u0442", "content_type": 3, "codename": "delete_chat"}}, {"model": "auth.permission", "pk": 12, "fields": {"name": "Can view \u0427\u0430\u0442", "content_type": 3, "codename": "view_chat"}}, {"model": "auth.permission", "pk": 13, "fields": {"name": "Can add \u0414\u0435\u0442\u0438", "content_type": 4, "codename": "add_children"}}, {"model": "auth.permission", "pk": 14, "fields": {"name": "Can change \u0414\u0435\u0442\u0438", "content_type": 4, "codename": "change_children"}}, {"model": "auth.permission", "pk": 15, "fields": {"name": "Can delete \u0414\u0435\u0442\u0438", "content_type": 4, "codename": "delete_children"}}, {"model": "auth.permission", "pk": 16, "fields": {"name": "Can view \u0414\u0435\u0442\u0438", "content_type": 4, "codename": "view_children"}}, {"model": "auth.permission", "pk": 17, "fields": {"name": "Can add \u0421\u0442\u0440\u0430\u043d\u0430 / \u0413\u0440\u0430\u0436\u0434\u0430\u043d\u0441\u0442\u0432\u043e", "content_type": 5, "codename": "add_citizenship"}}, {"model": "auth.permission", "pk": 18, "fields": {"name": "Can change \u0421\u0442\u0440\u0430\u043d\u0430 / \u0413\u0440\u0430\u0436\u0434\u0430\u043d\u0441\u0442\u0432\u043e", "content_type": 5, "codename": "change_citizenship"}}, {"model": "auth.permission", "pk": 19, "fields": {"name": "Can delete \u0421\u0442\u0440\u0430\u043d\u0430 / \u0413\u0440\u0430\u0436\u0434\u0430\u043d\u0441\u0442\u0432\u043e", "content_type": 5, "codename": "delete_citizenship"}}, {"model": "auth.permission", "pk": 20, "fields": {"name": "Can view \u0421\u0442\u0440\u0430\u043d\u0430 / \u0413\u0440\u0430\u0436\u0434\u0430\u043d\u0441\u0442\u0432\u043e", "content_type": 5, "codename": "view_citizenship"}}, {"model": "auth.permission", "pk": 21, "fields": {"name": "Can add \u0413\u043e\u0440\u043e\u0434", "content_type": 6, "codename": "add_city"}}, {"model": "auth.permission", "pk": 22, "fields": {"name": "Can change \u0413\u043e\u0440\u043e\u0434", "content_type": 6, "codename": "change_city"}}, {"model": "auth.permission", "pk": 23, "fields": {"name": "Can delete \u0413\u043e\u0440\u043e\u0434", "content_type": 6, "codename": "delete_city"}}, {"model": "auth.permission", "pk": 24, "fields": {"name": "Can view \u0413\u043e\u0440\u043e\u0434", "content_type": 6, "codename": "view_city"}}, {"model": "auth.permission", "pk": 25, "fields": {"name": "Can add client", "content_type": 7, "codename": "add_client"}}, {"model": "auth.permission", "pk": 26, "fields": {"name": "Can change client", "content_type": 7, "codename": "change_client"}}, {"model": "auth.permission", "pk": 27, "fields": {"name": "Can delete client", "content_type": 7, "codename": "delete_client"}}, {"model": "auth.permission", "pk": 28, "fields": {"name": "Can view client", "content_type": 7, "codename": "view_client"}}, {"model": "auth.permission", "pk": 29, "fields": {"name": "Can add \u0414\u043e\u043b\u0436\u043d\u043e\u0441\u0442\u044c", "content_type": 8, "codename": "add_cvword"}}, {"model": "auth.permission", "pk": 30, "fields": {"name": "Can change \u0414\u043e\u043b\u0436\u043d\u043e\u0441\u0442\u044c", "content_type": 8, "codename": "change_cvword"}}, {"model": "auth.permission", "pk": 31, "fields": {"name": "Can delete \u0414\u043e\u043b\u0436\u043d\u043e\u0441\u0442\u044c", "content_type": 8, "codename": "delete_cvword"}}, {"model": "auth.permission", "pk": 32, "fields": {"name": "Can view \u0414\u043e\u043b\u0436\u043d\u043e\u0441\u0442\u044c", "content_type": 8, "codename": "view_cvword"}}, {"model": "auth.permission", "pk": 33, "fields": {"name": "Can add \u0423\u0447\u0435\u0431\u043d\u043e\u0435 \u0437\u0430\u0432\u0435\u0434\u0435\u043d\u0438\u0435", "content_type": 9, "codename": "add_educationword"}}, {"model": "auth.permission", "pk": 34, "fields": {"name": "Can change \u0423\u0447\u0435\u0431\u043d\u043e\u0435 \u0437\u0430\u0432\u0435\u0434\u0435\u043d\u0438\u0435", "content_type": 9, "codename": "change_educationword"}}, {"model": "auth.permission", "pk": 35, "fields": {"name": "Can delete \u0423\u0447\u0435\u0431\u043d\u043e\u0435 \u0437\u0430\u0432\u0435\u0434\u0435\u043d\u0438\u0435", "content_type": 9, "codename": "delete_educationword"}}, {"model": "auth.permission", "pk": 36, "fields": {"name": "Can view \u0423\u0447\u0435\u0431\u043d\u043e\u0435 \u0437\u0430\u0432\u0435\u0434\u0435\u043d\u0438\u0435", "content_type": 9, "codename": "view_educationword"}}, {"model": "auth.permission", "pk": 37, "fields": {"name": "Can add \u0417\u0430\u043d\u044f\u0442\u043e\u0441\u0442\u044c", "content_type": 10, "codename": "add_employment"}}, {"model": "auth.permission", "pk": 38, "fields": {"name": "Can change \u0417\u0430\u043d\u044f\u0442\u043e\u0441\u0442\u044c", "content_type": 10, "codename": "change_employment"}}, {"model": "auth.permission", "pk": 39, "fields": {"name": "Can delete \u0417\u0430\u043d\u044f\u0442\u043e\u0441\u0442\u044c", "content_type": 10, "codename": "delete_employment"}}, {"model": "auth.permission", "pk": 40, "fields": {"name": "Can view \u0417\u0430\u043d\u044f\u0442\u043e\u0441\u0442\u044c", "content_type": 10, "codename": "view_employment"}}, {"model": "auth.permission", "pk": 41, "fields": {"name": "Can add \u0421\u0435\u043c\u0435\u0439\u043d\u043e\u0435 \u043f\u043e\u043b\u043e\u0436\u0435\u043d\u0438\u0435", "content_type": 11, "codename": "add_familystate"}}, {"model": "auth.permission", "pk": 42, "fields": {"name": "Can change \u0421\u0435\u043c\u0435\u0439\u043d\u043e\u0435 \u043f\u043e\u043b\u043e\u0436\u0435\u043d\u0438\u0435", "content_type": 11, "codename": "change_familystate"}}, {"model": "auth.permission", "pk": 43, "fields": {"name": "Can delete \u0421\u0435\u043c\u0435\u0439\u043d\u043e\u0435 \u043f\u043e\u043b\u043e\u0436\u0435\u043d\u0438\u0435", "content_type": 11, "codename": "delete_familystate"}}, {"model": "auth.permission", "pk": 44, "fields": {"name": "Can view \u0421\u0435\u043c\u0435\u0439\u043d\u043e\u0435 \u043f\u043e\u043b\u043e\u0436\u0435\u043d\u0438\u0435", "content_type": 11, "codename": "view_familystate"}}, {"model": "auth.permission", "pk": 45, "fields": {"name": "Can add help", "content_type": 12, "codename": "add_help"}}, {"model": "auth.permission", "pk": 46, "fields": {"name": "Can change help", "content_type": 12, "codename": "change_help"}}, {"model": "auth.permission", "pk": 47, "fields": {"name": "Can delete help", "content_type": 12, "codename": "delete_help"}}, {"model": "auth.permission", "pk": 48, "fields": {"name": "Can view help", "content_type": 12, "codename": "view_help"}}, {"model": "auth.permission", "pk": 49, "fields": {"name": "Can add \u041f\u043e\u043b", "content_type": 13, "codename": "add_sex"}}, {"model": "auth.permission", "pk": 50, "fields": {"name": "Can change \u041f\u043e\u043b", "content_type": 13, "codename": "change_sex"}}, {"model": "auth.permission", "pk": 51, "fields": {"name": "Can delete \u041f\u043e\u043b", "content_type": 13, "codename": "delete_sex"}}, {"model": "auth.permission", "pk": 52, "fields": {"name": "Can view \u041f\u043e\u043b", "content_type": 13, "codename": "view_sex"}}, {"model": "auth.permission", "pk": 53, "fields": {"name": "Can add \u041d\u0430\u0432\u044b\u043a", "content_type": 14, "codename": "add_skillsword"}}, {"model": "auth.permission", "pk": 54, "fields": {"name": "Can change \u041d\u0430\u0432\u044b\u043a", "content_type": 14, "codename": "change_skillsword"}}, {"model": "auth.permission", "pk": 55, "fields": {"name": "Can delete \u041d\u0430\u0432\u044b\u043a", "content_type": 14, "codename": "delete_skillsword"}}, {"model": "auth.permission", "pk": 56, "fields": {"name": "Can view \u041d\u0430\u0432\u044b\u043a", "content_type": 14, "codename": "view_skillsword"}}, {"model": "auth.permission", "pk": 57, "fields": {"name": "Can add \u0421\u0444\u0435\u0440\u0430 \u0434\u0435\u044f\u0442\u0435\u043b\u044c\u043d\u043e\u0441\u0442\u0438", "content_type": 15, "codename": "add_sphere"}}, {"model": "auth.permission", "pk": 58, "fields": {"name": "Can change \u0421\u0444\u0435\u0440\u0430 \u0434\u0435\u044f\u0442\u0435\u043b\u044c\u043d\u043e\u0441\u0442\u0438", "content_type": 15, "codename": "change_sphere"}}, {"model": "auth.permission", "pk": 59, "fields": {"name": "Can delete \u0421\u0444\u0435\u0440\u0430 \u0434\u0435\u044f\u0442\u0435\u043b\u044c\u043d\u043e\u0441\u0442\u0438", "content_type": 15, "codename": "delete_sphere"}}, {"model": "auth.permission", "pk": 60, "fields": {"name": "Can view \u0421\u0444\u0435\u0440\u0430 \u0434\u0435\u044f\u0442\u0435\u043b\u044c\u043d\u043e\u0441\u0442\u0438", "content_type": 15, "codename": "view_sphere"}}, {"model": "auth.permission", "pk": 61, "fields": {"name": "Can add \u0421\u0442\u0443\u0442\u0443\u0441 \u043a\u043b\u0438\u0435\u043d\u0442\u0430", "content_type": 16, "codename": "add_state"}}, {"model": "auth.permission", "pk": 62, "fields": {"name": "Can change \u0421\u0442\u0443\u0442\u0443\u0441 \u043a\u043b\u0438\u0435\u043d\u0442\u0430", "content_type": 16, "codename": "change_state"}}, {"model": "auth.permission", "pk": 63, "fields": {"name": "Can delete \u0421\u0442\u0443\u0442\u0443\u0441 \u043a\u043b\u0438\u0435\u043d\u0442\u0430", "content_type": 16, "codename": "delete_state"}}, {"model": "auth.permission", "pk": 64, "fields": {"name": "Can view \u0421\u0442\u0443\u0442\u0443\u0441 \u043a\u043b\u0438\u0435\u043d\u0442\u0430", "content_type": 16, "codename": "view_state"}}, {"model": "auth.permission", "pk": 65, "fields": {"name": "Can add \u0413\u0440\u0430\u0444\u0438\u043a \u0440\u0430\u0431\u043e\u0442\u044b", "content_type": 17, "codename": "add_timejob"}}, {"model": "auth.permission", "pk": 66, "fields": {"name": "Can change \u0413\u0440\u0430\u0444\u0438\u043a \u0440\u0430\u0431\u043e\u0442\u044b", "content_type": 17, "codename": "change_timejob"}}, {"model": "auth.permission", "pk": 67, "fields": {"name": "Can delete \u0413\u0440\u0430\u0444\u0438\u043a \u0440\u0430\u0431\u043e\u0442\u044b", "content_type": 17, "codename": "delete_timejob"}}, {"model": "auth.permission", "pk": 68, "fields": {"name": "Can view \u0413\u0440\u0430\u0444\u0438\u043a \u0440\u0430\u0431\u043e\u0442\u044b", "content_type": 17, "codename": "view_timejob"}}, {"model": "auth.permission", "pk": 69, "fields": {"name": "Can add \u0412\u0430\u043b\u044e\u0442\u0430", "content_type": 18, "codename": "add_typesalary"}}, {"model": "auth.permission", "pk": 70, "fields": {"name": "Can change \u0412\u0430\u043b\u044e\u0442\u0430", "content_type": 18, "codename": "change_typesalary"}}, {"model": "auth.permission", "pk": 71, "fields": {"name": "Can delete \u0412\u0430\u043b\u044e\u0442\u0430", "content_type": 18, "codename": "delete_typesalary"}}, {"model": "auth.permission", "pk": 72, "fields": {"name": "Can view \u0412\u0430\u043b\u044e\u0442\u0430", "content_type": 18, "codename": "view_typesalary"}}, {"model": "auth.permission", "pk": 73, "fields": {"name": "Can add vacancy", "content_type": 19, "codename": "add_vacancy"}}, {"model": "auth.permission", "pk": 74, "fields": {"name": "Can change vacancy", "content_type": 19, "codename": "change_vacancy"}}, {"model": "auth.permission", "pk": 75, "fields": {"name": "Can delete vacancy", "content_type": 19, "codename": "delete_vacancy"}}, {"model": "auth.permission", "pk": 76, "fields": {"name": "Can view vacancy", "content_type": 19, "codename": "view_vacancy"}}, {"model": "auth.permission", "pk": 77, "fields": {"name": "Can add telephone", "content_type": 20, "codename": "add_telephone"}}, {"model": "auth.permission", "pk": 78, "fields": {"name": "Can change telephone", "content_type": 20, "codename": "change_telephone"}}, {"model": "auth.permission", "pk": 79, "fields": {"name": "Can delete telephone", "content_type": 20, "codename": "delete_telephone"}}, {"model": "auth.permission", "pk": 80, "fields": {"name": "Can view telephone", "content_type": 20, "codename": "view_telephone"}}, {"model": "auth.permission", "pk": 81, "fields": {"name": "Can add tasks", "content_type": 21, "codename": "add_tasks"}}, {"model": "auth.permission", "pk": 82, "fields": {"name": "Can change tasks", "content_type": 21, "codename": "change_tasks"}}, {"model": "auth.permission", "pk": 83, "fields": {"name": "Can delete tasks", "content_type": 21, "codename": "delete_tasks"}}, {"model": "auth.permission", "pk": 84, "fields": {"name": "Can view tasks", "content_type": 21, "codename": "view_tasks"}}, {"model": "auth.permission", "pk": 85, "fields": {"name": "Can add sub tasks", "content_type": 22, "codename": "add_subtasks"}}, {"model": "auth.permission", "pk": 86, "fields": {"name": "Can change sub tasks", "content_type": 22, "codename": "change_subtasks"}}, {"model": "auth.permission", "pk": 87, "fields": {"name": "Can delete sub tasks", "content_type": 22, "codename": "delete_subtasks"}}, {"model": "auth.permission", "pk": 88, "fields": {"name": "Can view sub tasks", "content_type": 22, "codename": "view_subtasks"}}, {"model": "auth.permission", "pk": 89, "fields": {"name": "Can add skills", "content_type": 23, "codename": "add_skills"}}, {"model": "auth.permission", "pk": 90, "fields": {"name": "Can change skills", "content_type": 23, "codename": "change_skills"}}, {"model": "auth.permission", "pk": 91, "fields": {"name": "Can delete skills", "content_type": 23, "codename": "delete_skills"}}, {"model": "auth.permission", "pk": 92, "fields": {"name": "Can view skills", "content_type": 23, "codename": "view_skills"}}, {"model": "auth.permission", "pk": 93, "fields": {"name": "Can add settings", "content_type": 24, "codename": "add_settings"}}, {"model": "auth.permission", "pk": 94, "fields": {"name": "Can change settings", "content_type": 24, "codename": "change_settings"}}, {"model": "auth.permission", "pk": 95, "fields": {"name": "Can delete settings", "content_type": 24, "codename": "delete_settings"}}, {"model": "auth.permission", "pk": 96, "fields": {"name": "Can view settings", "content_type": 24, "codename": "view_settings"}}, {"model": "auth.permission", "pk": 97, "fields": {"name": "Can add opinion", "content_type": 25, "codename": "add_opinion"}}, {"model": "auth.permission", "pk": 98, "fields": {"name": "Can change opinion", "content_type": 25, "codename": "change_opinion"}}, {"model": "auth.permission", "pk": 99, "fields": {"name": "Can delete opinion", "content_type": 25, "codename": "delete_opinion"}}, {"model": "auth.permission", "pk": 100, "fields": {"name": "Can view opinion", "content_type": 25, "codename": "view_opinion"}}, {"model": "auth.permission", "pk": 101, "fields": {"name": "Can add message", "content_type": 26, "codename": "add_message"}}, {"model": "auth.permission", "pk": 102, "fields": {"name": "Can change message", "content_type": 26, "codename": "change_message"}}, {"model": "auth.permission", "pk": 103, "fields": {"name": "Can delete message", "content_type": 26, "codename": "delete_message"}}, {"model": "auth.permission", "pk": 104, "fields": {"name": "Can view message", "content_type": 26, "codename": "view_message"}}, {"model": "auth.permission", "pk": 105, "fields": {"name": "Can add job interviews", "content_type": 27, "codename": "add_jobinterviews"}}, {"model": "auth.permission", "pk": 106, "fields": {"name": "Can change job interviews", "content_type": 27, "codename": "change_jobinterviews"}}, {"model": "auth.permission", "pk": 107, "fields": {"name": "Can delete job interviews", "content_type": 27, "codename": "delete_jobinterviews"}}, {"model": "auth.permission", "pk": 108, "fields": {"name": "Can view job interviews", "content_type": 27, "codename": "view_jobinterviews"}}, {"model": "auth.permission", "pk": 109, "fields": {"name": "Can add \u0424\u0430\u0439\u043b", "content_type": 28, "codename": "add_filesforjobinterviews"}}, {"model": "auth.permission", "pk": 110, "fields": {"name": "Can change \u0424\u0430\u0439\u043b", "content_type": 28, "codename": "change_filesforjobinterviews"}}, {"model": "auth.permission", "pk": 111, "fields": {"name": "Can delete \u0424\u0430\u0439\u043b", "content_type": 28, "codename": "delete_filesforjobinterviews"}}, {"model": "auth.permission", "pk": 112, "fields": {"name": "Can view \u0424\u0430\u0439\u043b", "content_type": 28, "codename": "view_filesforjobinterviews"}}, {"model": "auth.permission", "pk": 113, "fields": {"name": "Can add experience", "content_type": 29, "codename": "add_experience"}}, {"model": "auth.permission", "pk": 114, "fields": {"name": "Can change experience", "content_type": 29, "codename": "change_experience"}}, {"model": "auth.permission", "pk": 115, "fields": {"name": "Can delete experience", "content_type": 29, "codename": "delete_experience"}}, {"model": "auth.permission", "pk": 116, "fields": {"name": "Can view experience", "content_type": 29, "codename": "view_experience"}}, {"model": "auth.permission", "pk": 117, "fields": {"name": "Can add education", "content_type": 30, "codename": "add_education"}}, {"model": "auth.permission", "pk": 118, "fields": {"name": "Can change education", "content_type": 30, "codename": "change_education"}}, {"model": "auth.permission", "pk": 119, "fields": {"name": "Can delete education", "content_type": 30, "codename": "delete_education"}}, {"model": "auth.permission", "pk": 120, "fields": {"name": "Can view education", "content_type": 30, "codename": "view_education"}}, {"model": "auth.permission", "pk": 121, "fields": {"name": "Can add cv", "content_type": 31, "codename": "add_cv"}}, {"model": "auth.permission", "pk": 122, "fields": {"name": "Can change cv", "content_type": 31, "codename": "change_cv"}}, {"model": "auth.permission", "pk": 123, "fields": {"name": "Can delete cv", "content_type": 31, "codename": "delete_cv"}}, {"model": "auth.permission", "pk": 124, "fields": {"name": "Can view cv", "content_type": 31, "codename": "view_cv"}}, {"model": "auth.permission", "pk": 125, "fields": {"name": "Can add recruiter", "content_type": 32, "codename": "add_recruiter"}}, {"model": "auth.permission", "pk": 126, "fields": {"name": "Can change recruiter", "content_type": 32, "codename": "change_recruiter"}}, {"model": "auth.permission", "pk": 127, "fields": {"name": "Can delete recruiter", "content_type": 32, "codename": "delete_recruiter"}}, {"model": "auth.permission", "pk": 128, "fields": {"name": "Can view recruiter", "content_type": 32, "codename": "view_recruiter"}}, {"model": "auth.permission", "pk": 129, "fields": {"name": "Can add recruit telephone", "content_type": 33, "codename": "add_recruittelephone"}}, {"model": "auth.permission", "pk": 130, "fields": {"name": "Can change recruit telephone", "content_type": 33, "codename": "change_recruittelephone"}}, {"model": "auth.permission", "pk": 131, "fields": {"name": "Can delete recruit telephone", "content_type": 33, "codename": "delete_recruittelephone"}}, {"model": "auth.permission", "pk": 132, "fields": {"name": "Can view recruit telephone", "content_type": 33, "codename": "view_recruittelephone"}}, {"model": "auth.permission", "pk": 133, "fields": {"name": "Can add recruit skills", "content_type": 34, "codename": "add_recruitskills"}}, {"model": "auth.permission", "pk": 134, "fields": {"name": "Can change recruit skills", "content_type": 34, "codename": "change_recruitskills"}}, {"model": "auth.permission", "pk": 135, "fields": {"name": "Can delete recruit skills", "content_type": 34, "codename": "delete_recruitskills"}}, {"model": "auth.permission", "pk": 136, "fields": {"name": "Can view recruit skills", "content_type": 34, "codename": "view_recruitskills"}}, {"model": "auth.permission", "pk": 137, "fields": {"name": "Can add recruit experience", "content_type": 35, "codename": "add_recruitexperience"}}, {"model": "auth.permission", "pk": 138, "fields": {"name": "Can change recruit experience", "content_type": 35, "codename": "change_recruitexperience"}}, {"model": "auth.permission", "pk": 139, "fields": {"name": "Can delete recruit experience", "content_type": 35, "codename": "delete_recruitexperience"}}, {"model": "auth.permission", "pk": 140, "fields": {"name": "Can view recruit experience", "content_type": 35, "codename": "view_recruitexperience"}}, {"model": "auth.permission", "pk": 141, "fields": {"name": "Can add recruit education", "content_type": 36, "codename": "add_recruiteducation"}}, {"model": "auth.permission", "pk": 142, "fields": {"name": "Can change recruit education", "content_type": 36, "codename": "change_recruiteducation"}}, {"model": "auth.permission", "pk": 143, "fields": {"name": "Can delete recruit education", "content_type": 36, "codename": "delete_recruiteducation"}}, {"model": "auth.permission", "pk": 144, "fields": {"name": "Can view recruit education", "content_type": 36, "codename": "view_recruiteducation"}}, {"model": "auth.permission", "pk": 145, "fields": {"name": "Can add recruit certificate", "content_type": 37, "codename": "add_recruitcertificate"}}, {"model": "auth.permission", "pk": 146, "fields": {"name": "Can change recruit certificate", "content_type": 37, "codename": "change_recruitcertificate"}}, {"model": "auth.permission", "pk": 147, "fields": {"name": "Can delete recruit certificate", "content_type": 37, "codename": "delete_recruitcertificate"}}, {"model": "auth.permission", "pk": 148, "fields": {"name": "Can view recruit certificate", "content_type": 37, "codename": "view_recruitcertificate"}}, {"model": "auth.permission", "pk": 149, "fields": {"name": "Can add log entry", "content_type": 38, "codename": "add_logentry"}}, {"model": "auth.permission", "pk": 150, "fields": {"name": "Can change log entry", "content_type": 38, "codename": "change_logentry"}}, {"model": "auth.permission", "pk": 151, "fields": {"name": "Can delete log entry", "content_type": 38, "codename": "delete_logentry"}}, {"model": "auth.permission", "pk": 152, "fields": {"name": "Can view log entry", "content_type": 38, "codename": "view_logentry"}}, {"model": "auth.permission", "pk": 153, "fields": {"name": "Can add permission", "content_type": 39, "codename": "add_permission"}}, {"model": "auth.permission", "pk": 154, "fields": {"name": "Can change permission", "content_type": 39, "codename": "change_permission"}}, {"model": "auth.permission", "pk": 155, "fields": {"name": "Can delete permission", "content_type": 39, "codename": "delete_permission"}}, {"model": "auth.permission", "pk": 156, "fields": {"name": "Can view permission", "content_type": 39, "codename": "view_permission"}}, {"model": "auth.permission", "pk": 157, "fields": {"name": "Can add group", "content_type": 40, "codename": "add_group"}}, {"model": "auth.permission", "pk": 158, "fields": {"name": "Can change group", "content_type": 40, "codename": "change_group"}}, {"model": "auth.permission", "pk": 159, "fields": {"name": "Can delete group", "content_type": 40, "codename": "delete_group"}}, {"model": "auth.permission", "pk": 160, "fields": {"name": "Can view group", "content_type": 40, "codename": "view_group"}}, {"model": "auth.permission", "pk": 161, "fields": {"name": "Can add user", "content_type": 41, "codename": "add_user"}}, {"model": "auth.permission", "pk": 162, "fields": {"name": "Can change user", "content_type": 41, "codename": "change_user"}}, {"model": "auth.permission", "pk": 163, "fields": {"name": "Can delete user", "content_type": 41, "codename": "delete_user"}}, {"model": "auth.permission", "pk": 164, "fields": {"name": "Can view user", "content_type": 41, "codename": "view_user"}}, {"model": "auth.permission", "pk": 165, "fields": {"name": "Can add content type", "content_type": 42, "codename": "add_contenttype"}}, {"model": "auth.permission", "pk": 166, "fields": {"name": "Can change content type", "content_type": 42, "codename": "change_contenttype"}}, {"model": "auth.permission", "pk": 167, "fields": {"name": "Can delete content type", "content_type": 42, "codename": "delete_contenttype"}}, {"model": "auth.permission", "pk": 168, "fields": {"name": "Can view content type", "content_type": 42, "codename": "view_contenttype"}}, {"model": "auth.permission", "pk": 169, "fields": {"name": "Can add session", "content_type": 43, "codename": "add_session"}}, {"model": "auth.permission", "pk": 170, "fields": {"name": "Can change session", "content_type": 43, "codename": "change_session"}}, {"model": "auth.permission", "pk": 171, "fields": {"name": "Can delete session", "content_type": 43, "codename": "delete_session"}}, {"model": "auth.permission", "pk": 172, "fields": {"name": "Can view session", "content_type": 43, "codename": "view_session"}}, {"model": "auth.permission", "pk": 173, "fields": {"name": "Can add direction", "content_type": 44, "codename": "add_direction"}}, {"model": "auth.permission", "pk": 174, "fields": {"name": "Can change direction", "content_type": 44, "codename": "change_direction"}}, {"model": "auth.permission", "pk": 175, "fields": {"name": "Can delete direction", "content_type": 44, "codename": "delete_direction"}}, {"model": "auth.permission", "pk": 176, "fields": {"name": "Can view direction", "content_type": 44, "codename": "view_direction"}}, {"model": "auth.group", "pk": 1, "fields": {"name": "Users", "permissions": []}}, {"model": "auth.user", "pk": 1, "fields": {"password": "pbkdf2_sha256$150000$WIH9f6jDBOOn$L8jqJdQz9EKpwxKRfuwLn706a9cFvX3V+HA34Yvxedc=", "last_login": "2019-11-22T14:48:45.112Z", "is_superuser": true, "username": "admin", "first_name": "Adm", "last_name": "Admin", "email": "admin@gmail.com", "is_staff": true, "is_active": true, "date_joined": "2019-10-27T12:03:12Z", "groups": [1], "user_permissions": []}}, {"model": "auth.user", "pk": 2, "fields": {"password": "pbkdf2_sha256$150000$gPiROBzFbNSf$w2XLLq/x6rN0l3nIDi2ukzcQ38TEY6T0votbnJtSZ/k=", "last_login": "2019-11-06T09:12:28.056Z", "is_superuser": true, "username": "recruit", "first_name": "I-Recruiter", "last_name": "F-Recruiter", "email": "recruiter@r.com", "is_staff": true, "is_active": true, "date_joined": "2019-10-27T12:07:08Z", "groups": [1], "user_permissions": []}}, {"model": "admin.logentry", "pk": 1, "fields": {"action_time": "2019-10-27T12:04:26.037Z", "user": 1, "content_type": 3, "object_id": "1", "object_repr": "Chat object (1)", "action_flag": 1, "change_message": "[{\"added\": {}}]"}}, {"model": "admin.logentry", "pk": 2, "fields": {"action_time": "2019-10-27T12:04:42.971Z", "user": 1, "content_type": 24, "object_id": "1", "object_repr": "Settings object (1)", "action_flag": 1, "change_message": "[{\"added\": {}}]"}}, {"model": "admin.logentry", "pk": 3, "fields": {"action_time": "2019-10-27T12:08:15.998Z", "user": 1, "content_type": 32, "object_id": "1", "object_repr": "  recruit", "action_flag": 1, "change_message": "[{\"added\": {}}]"}}, {"model": "admin.logentry", "pk": 4, "fields": {"action_time": "2019-10-27T12:08:44.258Z", "user": 1, "content_type": 7, "object_id": "1", "object_repr": "  ", "action_flag": 3, "change_message": ""}}, {"model": "admin.logentry", "pk": 5, "fields": {"action_time": "2019-10-27T12:08:52.959Z", "user": 1, "content_type": 7, "object_id": "2", "object_repr": "  admin", "action_flag": 1, "change_message": "[{\"added\": {}}]"}}, {"model": "admin.logentry", "pk": 6, "fields": {"action_time": "2019-10-27T12:09:25.052Z", "user": 1, "content_type": 41, "object_id": "1", "object_repr": "admin", "action_flag": 2, "change_message": "[{\"changed\": {\"fields\": [\"first_name\", \"last_name\", \"email\"]}}]"}}, {"model": "admin.logentry", "pk": 7, "fields": {"action_time": "2019-10-27T12:09:36.513Z", "user": 1, "content_type": 41, "object_id": "2", "object_repr": "recruit", "action_flag": 2, "change_message": "[{\"changed\": {\"fields\": [\"first_name\", \"last_name\", \"email\"]}}]"}}, {"model": "admin.logentry", "pk": 8, "fields": {"action_time": "2019-10-27T12:09:59.103Z", "user": 1, "content_type": 24, "object_id": "2", "object_repr": "Settings object (2)", "action_flag": 1, "change_message": "[{\"added\": {}}]"}}, {"model": "admin.logentry", "pk": 9, "fields": {"action_time": "2019-10-27T12:59:49.468Z", "user": 2, "content_type": 3, "object_id": "1", "object_repr": "Chat object (1)", "action_flag": 2, "change_message": "[{\"changed\": {\"fields\": [\"members\"]}}]"}}, {"model": "admin.logentry", "pk": 10, "fields": {"action_time": "2019-10-29T11:57:06.079Z", "user": 2, "content_type": 3, "object_id": "1", "object_repr": "Chat object (1)", "action_flag": 3, "change_message": ""}}, {"model": "admin.logentry", "pk": 11, "fields": {"action_time": "2019-10-29T11:58:48.536Z", "user": 2, "content_type": 3, "object_id": "2", "object_repr": "Chat object (2)", "action_flag": 1, "change_message": "[{\"added\": {}}]"}}, {"model": "admin.logentry", "pk": 12, "fields": {"action_time": "2019-10-29T12:25:09.520Z", "user": 2, "content_type": 3, "object_id": "2", "object_repr": "Chat object (2)", "action_flag": 2, "change_message": "[{\"changed\": {\"fields\": [\"members\"]}}]"}}, {"model": "admin.logentry", "pk": 13, "fields": {"action_time": "2019-10-29T12:27:48.874Z", "user": 2, "content_type": 44, "object_id": "1", "object_repr": "\u0411\u0438\u0437\u043d\u0435\u0441-\u0430\u043d\u0430\u043b\u0438\u0437", "action_flag": 1, "change_message": "[{\"added\": {}}]"}}, {"model": "admin.logentry", "pk": 14, "fields": {"action_time": "2019-10-29T12:27:56.339Z", "user": 2, "content_type": 44, "object_id": "2", "object_repr": "\u0423\u043f\u0440\u0430\u0432\u043b\u0435\u043d\u0438\u0435 \u043f\u0440\u043e\u0435\u043a\u0442\u0430\u043c\u0438", "action_flag": 1, "change_message": "[{\"added\": {}}]"}}, {"model": "admin.logentry", "pk": 15, "fields": {"action_time": "2019-10-29T12:28:02.524Z", "user": 2, "content_type": 44, "object_id": "3", "object_repr": "\u0411\u0438\u0437\u043d\u0435\u0441-\u0430\u043d\u0430\u043b\u0438\u0437 + \u0443\u043f\u0440\u0430\u0432\u043b\u0435\u043d\u0438\u0435 \u043f\u0440\u043e\u0435\u043a\u0442\u0430\u043c\u0438", "action_flag": 1, "change_message": "[{\"added\": {}}]"}}, {"model": "admin.logentry", "pk": 16, "fields": {"action_time": "2019-10-29T12:28:09.305Z", "user": 2, "content_type": 44, "object_id": "4", "object_repr": "\u0423\u043f\u0440\u0430\u0432\u043b\u0435\u043d\u0438\u0435 \u043f\u0440\u043e\u0434\u0443\u043a\u0442\u0430\u043c\u0438", "action_flag": 1, "change_message": "[{\"added\": {}}]"}}, {"model": "admin.logentry", "pk": 17, "fields": {"action_time": "2019-10-29T12:28:18.413Z", "user": 2, "content_type": 44, "object_id": "5", "object_repr": "IT-HR", "action_flag": 1, "change_message": "[{\"added\": {}}]"}}, {"model": "admin.logentry", "pk": 18, "fields": {"action_time": "2019-10-29T12:28:23.045Z", "user": 2, "content_type": 44, "object_id": "6", "object_repr": "IT-\u042e\u0440\u0438\u0441\u0442", "action_flag": 1, "change_message": "[{\"added\": {}}]"}}, {"model": "admin.logentry", "pk": 19, "fields": {"action_time": "2019-10-29T12:28:27.372Z", "user": 2, "content_type": 44, "object_id": "7", "object_repr": "IT-\u0411\u0443\u0445\u0433\u0430\u043b\u0442\u0435\u0440", "action_flag": 1, "change_message": "[{\"added\": {}}]"}}, {"model": "admin.logentry", "pk": 20, "fields": {"action_time": "2019-10-29T12:28:31.302Z", "user": 2, "content_type": 44, "object_id": "8", "object_repr": "\u0422\u0435\u0441\u0442\u0438\u0440\u043e\u0432\u0430\u043d\u0438\u0435", "action_flag": 1, "change_message": "[{\"added\": {}}]"}}, {"model": "admin.logentry", "pk": 21, "fields": {"action_time": "2019-10-29T12:28:34.797Z", "user": 2, "content_type": 44, "object_id": "9", "object_repr": "UX/UI", "action_flag": 1, "change_message": "[{\"added\": {}}]"}}, {"model": "admin.logentry", "pk": 22, "fields": {"action_time": "2019-10-29T12:28:38.669Z", "user": 2, "content_type": 44, "object_id": "10", "object_repr": "Web", "action_flag": 1, "change_message": "[{\"added\": {}}]"}}, {"model": "admin.logentry", "pk": 23, "fields": {"action_time": "2019-10-29T12:28:44.431Z", "user": 2, "content_type": 44, "object_id": "11", "object_repr": "Java", "action_flag": 1, "change_message": "[{\"added\": {}}]"}}, {"model": "admin.logentry", "pk": 24, "fields": {"action_time": "2019-10-29T12:28:48.327Z", "user": 2, "content_type": 44, "object_id": "12", "object_repr": "Python", "action_flag": 1, "change_message": "[{\"added\": {}}]"}}, {"model": "admin.logentry", "pk": 25, "fields": {"action_time": "2019-10-29T12:28:52.404Z", "user": 2, "content_type": 44, "object_id": "13", "object_repr": ".NET", "action_flag": 1, "change_message": "[{\"added\": {}}]"}}, {"model": "admin.logentry", "pk": 26, "fields": {"action_time": "2019-10-29T12:28:55.772Z", "user": 2, "content_type": 44, "object_id": "14", "object_repr": "PHP", "action_flag": 1, "change_message": "[{\"added\": {}}]"}}, {"model": "admin.logentry", "pk": 27, "fields": {"action_time": "2019-10-29T12:29:00.023Z", "user": 2, "content_type": 44, "object_id": "15", "object_repr": "Ruby on Rails", "action_flag": 1, "change_message": "[{\"added\": {}}]"}}, {"model": "admin.logentry", "pk": 28, "fields": {"action_time": "2019-10-29T12:29:03.480Z", "user": 2, "content_type": 44, "object_id": "16", "object_repr": "Android", "action_flag": 1, "change_message": "[{\"added\": {}}]"}}, {"model": "admin.logentry", "pk": 29, "fields": {"action_time": "2019-10-29T12:29:06.910Z", "user": 2, "content_type": 44, "object_id": "17", "object_repr": "iOS", "action_flag": 1, "change_message": "[{\"added\": {}}]"}}, {"model": "admin.logentry", "pk": 30, "fields": {"action_time": "2019-10-29T12:29:11.422Z", "user": 2, "content_type": 44, "object_id": "18", "object_repr": "\u0418\u043d\u0442\u0435\u0440\u043d\u0435\u0442-\u043c\u0430\u0440\u043a\u0435\u0442\u0438\u043d\u0433", "action_flag": 1, "change_message": "[{\"added\": {}}]"}}, {"model": "admin.logentry", "pk": 31, "fields": {"action_time": "2019-10-29T12:29:15.381Z", "user": 2, "content_type": 44, "object_id": "19", "object_repr": "IT Sales", "action_flag": 1, "change_message": "[{\"added\": {}}]"}}, {"model": "admin.logentry", "pk": 32, "fields": {"action_time": "2019-10-29T12:29:20.069Z", "user": 2, "content_type": 44, "object_id": "20", "object_repr": "\u0418\u043d\u0444\u043e\u0440\u043c\u0430\u0446\u0438\u043e\u043d\u043d\u0430\u044f \u0431\u0435\u0437\u043e\u043f\u0430\u0441\u043d\u043e\u0441\u0442\u044c", "action_flag": 1, "change_message": "[{\"added\": {}}]"}}, {"model": "admin.logentry", "pk": 33, "fields": {"action_time": "2019-11-02T09:51:06.615Z", "user": 2, "content_type": 4, "object_id": "2", "object_repr": "\u043d\u0435\u0442", "action_flag": 2, "change_message": "[{\"changed\": {\"fields\": [\"children_word\"]}}]"}}, {"model": "admin.logentry", "pk": 34, "fields": {"action_time": "2019-11-02T09:51:12.567Z", "user": 2, "content_type": 4, "object_id": "1", "object_repr": "\u0435\u0441\u0442\u044c", "action_flag": 2, "change_message": "[{\"changed\": {\"fields\": [\"children_word\"]}}]"}}, {"model": "recruit.recruiter", "pk": 1, "fields": {"recruiter": 2, "patronymic": "O-Recruiter", "sex": 1, "date_born": "1970-06-10", "r_citizenship": 2, "family_state": 5, "children": 2, "r_country": 2, "city": 3, "street": "Qwe", "house": "1", "flat": "2", "telegram_link": "@Telegram_recruiter", "link_linkedin": "https://www.linkedin.com/recruiter", "skype": "Skype_Recruiter", "img": "nyan_cat.gif", "state": 3}}, {"model": "client.settings", "pk": 1, "fields": {"user": 1, "messages": true, "tasks": true, "suggestions": true, "meetings": true, "reviews": true, "email_messages": true, "email_tasks": true, "email_suggestions": true, "email_meetings": true, "email_reviews": true}}, {"model": "client.settings", "pk": 2, "fields": {"user": 2, "messages": true, "tasks": true, "suggestions": true, "meetings": true, "reviews": true, "email_messages": true, "email_tasks": true, "email_suggestions": true, "email_meetings": true, "email_reviews": true}}, {"model": "client.chat", "pk": 2, "fields": {"members": [1, 2]}}, {"model": "client.client", "pk": 2, "fields": {"user_client": 1, "patronymic": "Admin", "sex": 1, "date_born": "1983-04-11", "citizenship": 1, "family_state": 5, "children": 2, "country": 3, "city": 2, "street": "\u041e\u0440\u043f\u043b\u043e\u0440\u043f\u0430\u043b\u0433\u044b\u0440\u0432\u0430", "house": "", "flat": "321", "telegram_link": "@Telegram", "link_linkedin": "https://www.linkedin.com/admin", "skype": "Skype", "img": "nyan_cat_kESRaXe.gif", "state": 7, "is_reserved": false, "own_recruiter": null, "resumes": null}}, {"model": "client.client", "pk": 6, "fields": {"user_client": 2, "patronymic": "", "sex": null, "date_born": null, "citizenship": null, "family_state": null, "children": null, "country": null, "city": null, "street": null, "house": null, "flat": null, "telegram_link": null, "link_linkedin": null, "skype": null, "img": "", "state": null, "is_reserved": false, "own_recruiter": null, "resumes": null}}]